date,daily_sales,rolling_7day_avg
2013-01-01,2511.62,2511.62
2013-01-02,496092.42,249302.02
2013-01-03,361461.23,286688.42
2013-01-04,354459.68,303631.24
2013-01-05,477350.12,338375.01
2013-01-06,519695.40,368595.08
2013-01-07,336122.80,363956.18
2013-01-08,318347.78,409075.63
2013-01-09,302530.81,381423.97
2013-01-10,258982.00,366784.08
2013-01-11,289737.69,357538.09
2013-01-12,403258.21,346953.53
2013-01-13,464638.55,339088.26
2013-01-14,293348.36,332977.63
2013-01-15,299129.55,330232.17
2013-01-16,318347.91,332491.75
2013-01-17,267498.52,333708.40
2013-01-18,296130.85,334621.71
2013-01-19,432459.85,338793.37
2013-01-20,461092.39,338286.78
2013-01-21,311211.27,340838.62
2013-01-22,296214.73,340422.22
2013-01-23,283258.45,335409.44
2013-01-24,247245.69,332516.18
2013-01-25,290022.77,331643.59
2013-01-26,413799.77,328977.87
2013-01-27,430411.99,324594.95
2013-01-28,285460.17,320916.22
2013-01-29,264488.82,316383.95
2013-01-30,281061.13,316070.05
2013-01-31,271254.22,319499.84
2013-02-01,369402.06,330839.74
2013-02-02,518887.46,345852.26
2013-02-03,486336.82,353841.52
2013-02-04,344308.72,362248.46
2013-02-05,321245.84,370356.61
2013-02-06,321538.18,376139.04
2013-02-07,290807.53,378932.37
2013-02-08,347441.79,375795.19
2013-02-09,416176.28,361122.16
2013-02-10,300951.33,334638.52
2013-02-11,278627.59,325255.50
2013-02-12,308800.79,323477.64
2013-02-13,319597.93,323200.46
2013-02-14,308164.02,325679.96
2013-02-15,320168.88,321783.83
2013-02-16,485660.49,331710.15
2013-02-17,399588.91,345801.23
2013-02-18,350745.57,356103.80
2013-02-19,293637.80,353937.66
2013-02-20,313803.16,353109.83
2013-02-21,267711.11,347330.85
2013-02-22,285679.87,342403.85
2013-02-23,412897.35,332009.11
2013-02-24,452726.13,339600.14
2013-02-25,307110.88,333366.61
2013-02-26,270425.01,330050.50
2013-02-27,288402.00,326421.76
2013-02-28,278116.29,327908.22
2013-03-01,378898.17,341225.12
2013-03-02,547857.21,360505.10
2013-03-03,559820.58,375804.30
2013-03-04,383647.68,386738.13
2013-03-05,332189.99,395561.70
2013-03-06,335726.58,402322.36
2013-03-07,293099.53,404462.82
2013-03-08,316600.68,395563.18
2013-03-09,453259.50,382049.22
2013-03-10,461859.76,368054.82
2013-03-11,318379.13,358730.74
2013-03-12,271823.38,350106.94
2013-03-13,287869.66,343270.23
2013-03-14,247541.42,336761.93
2013-03-15,315878.09,336658.71
2013-03-16,482233.43,340797.84
2013-03-17,513439.59,348166.39
2013-03-18,330283.80,349867.05
2013-03-19,294020.25,353038.03
2013-03-20,321207.01,357800.51
2013-03-21,269130.13,360884.61
2013-03-22,304100.45,359202.09
2013-03-23,453192.00,355053.32
2013-03-24,449794.64,345961.18
2013-03-25,317559.61,344143.44
2013-03-26,275818.24,341543.15
2013-03-27,313691.15,340469.46
2013-03-28,339293.27,350492.77
2013-03-29,345513.13,356408.86
2013-03-30,452661.36,356333.06
2013-03-31,462107.64,358092.06
2013-04-01,428816.45,373985.89
2013-04-02,377732.83,388545.12
2013-04-03,373731.08,397122.25
2013-04-04,308738.39,392757.27
2013-04-05,336394.78,391454.65
2013-04-06,509424.21,399563.62
2013-04-07,519048.38,407698.02
2013-04-08,346649.82,395959.93
2013-04-09,306335.80,385760.35
2013-04-10,312846.38,377062.54
2013-04-11,303223.41,376274.68
2013-04-12,314394.97,373131.85
2013-04-13,453442.50,365134.46
2013-04-14,478417.15,359330.00
2013-04-15,338712.46,358196.09
2013-04-16,333431.88,362066.96
2013-04-17,334990.52,365230.41
2013-04-18,281924.51,362187.71
2013-04-19,311588.71,361786.82
2013-04-20,459884.84,362707.15
2013-04-21,485721.03,363750.56
2013-04-22,328886.32,362346.83
2013-04-23,302097.83,357870.54
2013-04-24,310555.19,354379.77
2013-04-25,268790.62,352503.50
2013-04-26,304413.56,351478.48
2013-04-27,446665.34,349589.98
2013-04-28,477623.47,348433.19
2013-04-29,328795.87,348420.27
2013-04-30,310186.47,349575.79
2013-05-01,507974.64,377778.57
2013-05-02,348709.46,389195.54
2013-05-03,374291.25,399178.07
2013-05-04,520339.52,409702.95
2013-05-05,580268.55,424366.54
2013-05-06,369869.38,430234.18
2013-05-07,317292.96,431249.39
2013-05-08,332477.41,406178.36
2013-05-09,305868.06,400058.16
2013-05-10,335937.44,394579.05
2013-05-11,512090.58,393400.63
2013-05-12,387860.51,365913.76
2013-05-13,350598.06,363160.72
2013-05-14,308469.31,361900.20
2013-05-15,329113.56,361419.65
2013-05-16,307556.95,361660.92
2013-05-17,330004.24,360813.32
2013-05-18,480969.56,356367.46
2013-05-19,518153.55,374980.75
2013-05-20,341787.22,373722.06
2013-05-21,307178.40,373537.64
2013-05-22,301785.48,369633.63
2013-05-23,289261.06,367019.93
2013-05-24,398389.24,376789.22
2013-05-25,417930.14,367783.58
2013-05-26,450631.40,358137.56
2013-05-27,321630.83,355258.08
2013-05-28,307329.17,355279.62
2013-05-29,309333.38,356357.89
2013-05-30,304344.85,358512.72
2013-05-31,330257.84,348779.66
2013-06-01,566901.82,370061.33
2013-06-02,637698.50,396785.20
2013-06-03,426332.10,411742.52
2013-06-04,369705.16,420653.38
2013-06-05,361791.08,428147.33
2013-06-06,317496.77,430026.18
2013-06-07,357673.09,433942.64
2013-06-08,466292.70,419569.91
2013-06-09,526804.73,403727.95
2013-06-10,349754.29,392788.26
2013-06-11,283858.22,380524.41
2013-06-12,320173.58,374579.05
2013-06-13,282886.92,369634.79
2013-06-14,326956.74,365246.74
2013-06-15,505950.67,370912.16
2013-06-16,435894.08,357924.93
2013-06-17,370944.27,360952.07
2013-06-18,320885.34,366241.66
2013-06-19,319235.26,366107.61
2013-06-20,293877.94,367677.76
2013-06-21,319722.69,366644.32
2013-06-22,446347.31,358129.56
2013-06-23,504964.85,367996.81
2013-06-24,336631.96,363095.05
2013-06-25,305119.53,360842.79
2013-06-26,301847.25,358358.79
2013-06-27,266525.46,354451.29
2013-06-28,324210.97,355092.48
2013-06-29,509379.11,364097.02
2013-06-30,533481.69,368170.85
2013-07-01,441758.39,383188.91
2013-07-02,390958.38,395451.61
2013-07-03,374551.92,405837.99
2013-07-04,327020.18,414480.09
2013-07-05,351401.50,418364.45
2013-07-06,479514.49,414098.08
2013-07-07,500606.07,409401.56
2013-07-08,365453.00,398500.79
2013-07-09,317279.15,387975.19
2013-07-10,314134.89,379344.18
2013-07-11,281750.93,372877.15
2013-07-12,308786.44,366789.28
2013-07-13,432569.10,360082.80
2013-07-14,438722.42,351242.27
2013-07-15,348803.05,348863.71
2013-07-16,335516.23,351469.01
2013-07-17,324313.82,352923.14
2013-07-18,287074.87,353683.70
2013-07-19,313332.56,354333.15
2013-07-20,435497.73,354751.52
2013-07-21,437952.62,354641.55
2013-07-22,342802.30,353784.30
2013-07-23,316257.46,351033.05
2013-07-24,309243.79,348880.19
2013-07-25,298074.23,350451.53
2013-07-26,318745.69,351224.83
2013-07-27,423890.50,349566.66
2013-07-28,433358.65,348910.37
2013-07-29,331493.29,347294.80
2013-07-30,318553.99,347622.88
2013-07-31,357982.98,354585.62
2013-08-01,397555.32,368797.20
2013-08-02,393831.12,379523.69
2013-08-03,516956.85,392818.88
2013-08-04,514267.28,404377.26
2013-08-05,407033.81,415168.76
2013-08-06,357263.85,420698.74
2013-08-07,351302.13,419744.34
2013-08-08,310953.02,407372.58
2013-08-09,337521.67,399328.37
2013-08-10,434184.94,387503.82
2013-08-11,434720.32,376139.97
2013-08-12,349539.22,367926.45
2013-08-13,317103.33,362189.24
2013-08-14,324377.39,358342.84
2013-08-15,311043.17,358355.72
2013-08-16,364487.32,362207.96
2013-08-17,448835.31,364300.87
2013-08-18,464053.77,368491.36
2013-08-19,362085.53,370283.69
2013-08-20,343046.11,373989.80
2013-08-21,335724.64,375610.84
2013-08-22,306473.26,374957.99
2013-08-23,331906.37,370303.57
2013-08-24,420576.16,366266.55
2013-08-25,443694.09,363358.02
2013-08-26,347159.64,361225.75
2013-08-27,319688.22,357888.91
2013-08-28,319322.06,355545.69
2013-08-29,294518.69,353837.89
2013-08-30,354932.93,357127.40
2013-08-31,523631.38,371849.57
2013-09-01,640406.22,399951.31
2013-09-02,458792.96,415898.92
2013-09-03,397680.42,427040.67
2013-09-04,392565.49,437504.01
2013-09-05,330622.78,442661.74
2013-09-06,335442.25,439877.36
2013-09-07,518584.25,439156.34
2013-09-08,560852.01,427791.45
2013-09-09,377151.71,416128.41
2013-09-10,308074.47,403327.56
2013-09-11,323124.62,393407.44
2013-09-12,282855.73,386583.57
2013-09-13,319556.94,384314.25
2013-09-14,476364.01,378282.78
2013-09-15,532852.96,374282.92
2013-09-16,373229.84,373722.65
2013-09-17,327282.95,376466.72
2013-09-18,315687.72,375404.31
2013-09-19,279580.37,374936.40
2013-09-20,331846.90,376692.11
2013-09-21,468298.38,375539.88
2013-09-22,502068.70,371142.12
2013-09-23,356043.03,368686.87
2013-09-24,303333.39,365265.50
2013-09-25,312490.11,364808.70
2013-09-26,273057.88,363876.91
2013-09-27,320246.57,362219.72
2013-09-28,484903.69,364591.91
2013-09-29,522868.44,367563.30
2013-09-30,367068.45,369138.36
2013-10-01,436441.03,388153.74
2013-10-02,414455.66,402720.25
2013-10-03,348933.25,413559.58
2013-10-04,378109.98,421825.78
2013-10-05,540156.63,429719.06
2013-10-06,553031.42,434028.06
2013-10-07,373387.11,434930.72
2013-10-08,326726.72,419257.25
2013-10-09,322529.42,406124.93
2013-10-10,305047.10,399855.48
2013-10-11,402913.85,403398.89
2013-10-12,426379.69,387145.04
2013-10-13,481781.26,376966.45
2013-10-14,342694.72,372581.82
2013-10-15,305242.57,369512.66
2013-10-16,355696.96,374250.88
2013-10-17,312949.41,375379.78
2013-10-18,323327.87,364010.36
2013-10-19,488245.57,372848.34
2013-10-20,537713.51,380838.66
2013-10-21,348721.33,381699.60
2013-10-22,301641.79,381185.21
2013-10-23,323105.12,376529.23
2013-10-24,276059.08,371259.18
2013-10-25,317570.43,370436.69
2013-10-26,452902.36,365387.66
2013-10-27,512891.48,361841.65
2013-10-28,346941.91,361587.45
2013-10-29,302333.00,361686.20
2013-10-30,319494.71,361170.42
2013-10-31,298195.43,364332.76
2013-11-01,403637.23,376628.02
2013-11-02,540615.56,389158.47
2013-11-03,602796.56,402002.06
2013-11-04,424314.17,413055.24
2013-11-05,393322.18,426053.69
2013-11-06,386426.98,435615.44
2013-11-07,346293.34,442486.57
2013-11-08,358473.98,436034.68
2013-11-09,513850.32,432211.08
2013-11-10,587666.49,430049.64
2013-11-11,374087.89,422874.45
2013-11-12,373277.75,420010.96
2013-11-13,332279.26,412275.58
2013-11-14,284567.40,403457.58
2013-11-15,349383.30,402158.92
2013-11-16,524065.59,403618.24
2013-11-17,579209.23,402410.06
2013-11-18,391945.55,404961.15
2013-11-19,329455.27,398700.80
2013-11-20,354337.73,401852.01
2013-11-21,298047.05,403777.67
2013-11-22,340734.21,402542.09
2013-11-23,485544.30,397039.05
2013-11-24,550925.29,392998.49
2013-11-25,365965.51,389287.05
2013-11-26,323292.83,388406.70
2013-11-27,337083.29,385941.78
2013-11-28,305982.98,387075.49
2013-11-29,357000.40,389399.23
2013-11-30,541977.66,397461.14
2013-12-01,698217.13,418502.83
2013-12-02,495488.37,437006.09
2013-12-03,424438.05,451455.41
2013-12-04,424147.05,463893.09
2013-12-05,386406.81,475382.21
2013-12-06,432661.76,486190.97
2013-12-07,537181.32,485505.78
2013-12-08,588855.90,469882.75
2013-12-09,442309.31,462285.74
2013-12-10,414421.70,460854.83
2013-12-11,422957.20,460684.85
2013-12-12,384256.08,460377.61
2013-12-13,434657.01,460662.65
2013-12-14,554911.92,463195.59
2013-12-15,642015.78,470789.86
2013-12-16,516060.29,481325.71
2013-12-17,480470.72,490761.28
2013-12-18,527481.34,505693.30
2013-12-19,507461.04,523294.01
2013-12-20,544104.27,538929.33
2013-12-21,685673.07,557609.50
2013-12-22,696295.15,565363.70
2013-12-23,792865.28,604907.27
2013-12-24,620663.29,624934.78
2013-12-26,470731.16,616827.61
2013-12-27,479314.97,612806.74
2013-12-28,556952.31,614642.18
2013-12-29,499719.51,588077.38
2013-12-30,635134.74,579340.18
2013-12-31,507264.66,538540.09
2014-01-01,8602.07,451102.77
2014-01-02,801011.23,498285.64
2014-01-03,680672.85,527051.05
2014-01-04,936628.89,581290.56
2014-01-05,949618.79,645561.89
2014-01-06,602268.56,640866.72
2014-01-07,563450.60,648893.28
2014-01-08,636176.85,738546.82
2014-01-09,496377.93,695027.78
2014-01-10,543055.33,675368.14
2014-01-11,787321.46,654038.50
2014-01-12,844633.60,639040.62
2014-01-13,555547.02,632366.11
2014-01-14,502643.10,623679.33
2014-01-15,567067.47,613806.56
2014-01-16,502789.21,614722.46
2014-01-17,542937.92,614705.68
2014-01-18,786779.89,614628.32
2014-01-19,851735.33,615642.85
2014-01-20,575850.06,618543.28
2014-01-21,538817.21,623711.01
2014-01-22,553097.60,621715.32
2014-01-23,460789.04,615715.29
2014-01-24,526124.57,613313.39
2014-01-25,733880.98,605756.40
2014-01-26,814057.73,600373.88
2014-01-27,540798.83,595366.57
2014-01-28,481593.44,587191.74
2014-01-29,512853.99,581442.65
2014-01-30,453642.97,580421.79
2014-01-31,560816.19,585377.73
2014-02-01,648870.20,573233.34
2014-02-02,619805.54,545483.02
2014-02-03,461637.52,534174.26
2014-02-04,403189.59,522973.71
2014-02-05,399138.31,506728.62
2014-02-06,359139.10,493228.06
2014-02-07,389471.57,468750.26
2014-02-08,530128.06,451787.10
2014-02-09,520753.75,437636.84
2014-02-10,396622.74,428349.02
2014-02-11,358382.73,421948.04
2014-02-12,387758.39,420322.33
2014-02-13,347373.30,418641.51
2014-02-14,361206.41,414603.63
2014-02-15,538893.36,415855.81
2014-02-16,595300.24,426505.31
2014-02-17,412029.29,428706.24
2014-02-18,365331.25,429698.89
2014-02-19,360161.64,425756.50
2014-02-20,322451.92,422196.30
2014-02-21,369403.65,423367.33
2014-02-22,538206.08,423269.15
2014-02-23,487896.46,407925.76
2014-02-24,404224.19,406810.74
2014-02-25,351418.11,404823.15
2014-02-26,353604.27,403886.38
2014-02-27,330330.19,405011.85
2014-02-28,425624.80,413043.44
2014-03-01,911360.26,466351.18
2014-03-02,667413.05,491996.41
2014-03-03,613973.03,521960.53
2014-03-04,748930.90,578748.07
2014-03-05,741756.42,634198.38
2014-03-06,614082.44,674734.41
2014-03-07,598242.34,699394.06
2014-03-08,753345.26,676820.49
2014-03-09,916117.65,712349.72
2014-03-10,587414.83,708555.69
2014-03-11,539365.38,678617.76
2014-03-12,575676.80,654892.10
2014-03-13,473298.04,634780.04
2014-03-14,530515.26,625104.74
2014-03-15,731049.79,621919.68
2014-03-16,929808.49,623875.51
2014-03-17,612719.52,627490.47
2014-03-18,537427.87,627213.68
2014-03-19,585974.66,628684.80
2014-03-20,500897.11,632627.53
2014-03-21,548811.47,635241.27
2014-03-22,771704.93,641049.15
2014-03-23,838814.64,628050.03
2014-03-24,571762.05,622198.96
2014-03-25,539861.62,622546.64
2014-03-26,569680.54,620218.91
2014-03-27,468581.40,615602.38
2014-03-28,538905.78,614187.28
2014-03-29,822333.14,621419.88
2014-03-30,873958.84,626440.48
2014-03-31,651800.51,637874.55
2014-04-01,485079.89,630048.59
2014-04-02,463917.32,614939.55
2014-04-03,388867.96,603551.92
2014-04-04,422578.75,586933.77
2014-04-05,617680.19,557697.64
2014-04-06,631888.25,523116.12
2014-04-07,426091.10,490871.92
2014-04-08,376663.27,475383.83
2014-04-09,375309.08,462725.52
2014-04-10,334052.76,454894.77
2014-04-11,379646.85,448761.64
2014-04-12,529919.92,436224.46
2014-04-13,540190.28,423124.75
2014-04-14,381386.31,416738.35
2014-04-15,364689.06,415027.75
2014-04-16,411357.09,420177.47
2014-04-17,397464.84,429236.33
2014-04-18,394392.18,431342.81
2014-04-19,496904.75,426626.36
2014-04-20,520126.40,423760.09
2014-04-21,398677.40,426230.24
2014-04-22,370552.25,427067.84
2014-04-23,372232.60,421478.63
2014-04-24,320875.48,410537.29
2014-04-25,357173.71,405220.37
2014-04-26,497334.74,405281.79
2014-04-27,560508.42,411050.65
2014-04-28,362271.92,405849.87
2014-04-29,326338.35,399533.60
2014-04-30,357079.96,397368.94
2014-05-01,530380.85,427298.28
2014-05-02,443284.89,439599.88
2014-05-03,610391.75,455750.88
2014-05-04,646164.86,467987.51
2014-05-05,427601.70,477320.34
2014-05-06,388945.89,486264.27
2014-05-07,391932.18,491243.16
2014-05-08,337483.71,463686.43
2014-05-09,381335.20,454836.47
2014-05-10,577012.03,450067.94
2014-05-11,454512.93,422689.09
2014-05-12,398251.89,418496.26
2014-05-13,360734.52,414466.07
2014-05-14,356373.81,409386.30
2014-05-15,332272.83,408641.89
2014-05-16,380822.74,408568.68
2014-05-17,537873.96,402977.53
2014-05-18,634519.74,428692.78
2014-05-19,388814.75,427344.62
2014-05-20,354372.34,426435.74
2014-05-21,356898.48,426510.69
2014-05-22,310660.14,423423.16
2014-05-23,349549.89,418955.61
2014-05-24,516627.26,415920.37
2014-05-25,573412.21,407190.73
2014-05-26,373831.09,405050.20
2014-05-27,327642.14,401231.60
2014-05-28,338481.78,398600.65
2014-05-29,326624.58,400881.28
2014-05-30,375782.64,404628.81
2014-05-31,597192.47,416138.13
2014-06-01,742732.83,440326.79
2014-06-02,512725.77,460168.89
2014-06-03,443636.19,476739.47
2014-06-04,423284.50,488854.14
2014-06-05,359474.51,493546.99
2014-06-06,391266.13,495758.91
2014-06-07,557142.46,490037.48
2014-06-08,626026.96,473365.22
2014-06-09,415798.95,459518.53
2014-06-10,351689.42,446383.27
2014-06-11,373828.16,439318.08
2014-06-12,329408.07,435022.88
2014-06-13,392308.37,435171.77
2014-06-14,622072.99,444447.56
2014-06-15,441279.93,418055.13
2014-06-16,447450.24,422576.74
2014-06-17,380396.04,426677.69
2014-06-18,373408.66,426617.76
2014-06-19,332280.94,427028.17
2014-06-20,369206.79,423727.94
2014-06-21,538613.86,411805.21
2014-06-22,591184.12,433220.09
2014-06-23,414929.64,428574.29
2014-06-24,340464.75,422869.82
2014-06-25,355342.40,420288.93
2014-06-26,315798.18,417934.25
2014-06-27,370793.57,418160.93
2014-06-28,510870.81,414197.64
2014-06-29,567218.89,410774.03
2014-06-30,429324.06,412830.38
2014-07-01,720480.62,467118.36
2014-07-02,747430.15,523130.90
2014-07-03,583844.72,561423.26
2014-07-04,595424.31,593513.36
2014-07-05,817307.11,637289.98
2014-07-06,918276.60,687441.08
2014-07-07,638526.43,717327.13
2014-07-08,557291.50,694014.40
2014-07-09,574451.41,669303.15
2014-07-10,498047.55,657046.42
2014-07-11,535644.18,648506.40
2014-07-12,756698.75,639848.06
2014-07-13,733653.78,613473.37
2014-07-14,584867.15,605807.76
2014-07-15,562860.03,606603.26
2014-07-16,621336.49,613301.13
2014-07-17,498221.71,613326.01
2014-07-18,547619.06,615036.71
2014-07-19,728988.23,611078.06
2014-07-20,776474.12,617195.25
2014-07-21,600228.43,619389.72
2014-07-22,530276.04,614734.87
2014-07-23,574168.64,607996.60
2014-07-24,484618.82,606053.33
2014-07-25,579767.29,610645.94
2014-07-26,688919.55,604921.84
2014-07-27,747307.87,600755.23
2014-07-28,583936.69,598427.84
2014-07-29,524743.33,597637.45
2014-07-30,578056.97,598192.93
2014-07-31,532423.56,605022.18
2014-08-01,506826.80,594602.11
2014-08-02,626533.64,585689.83
2014-08-03,625898.21,568345.60
2014-08-04,471173.30,552236.54
2014-08-05,417197.48,536872.85
2014-08-06,402914.37,511852.48
2014-08-07,359701.53,487177.90
2014-08-08,397759.94,471596.92
2014-08-09,496192.79,452976.80
2014-08-10,509681.77,436374.45
2014-08-11,409544.58,427570.35
2014-08-12,353898.21,418527.60
2014-08-13,372116.55,414127.91
2014-08-14,340740.82,411419.23
2014-08-15,402631.84,412115.22
2014-08-16,533996.16,417515.70
2014-08-17,564443.17,425338.76
2014-08-18,433042.30,428695.58
2014-08-19,379329.95,432328.68
2014-08-20,398126.79,436044.43
2014-08-21,355108.88,438097.01
2014-08-22,388359.90,436058.16
2014-08-23,499678.21,431155.60
2014-08-24,528990.56,426090.94
2014-08-25,412250.08,423120.62
2014-08-26,355053.91,419652.62
2014-08-27,366321.50,415109.00
2014-08-28,327912.43,411223.80
2014-08-29,403288.92,413356.51
2014-08-30,586373.69,425741.58
2014-08-31,660088.18,444469.81
2014-09-01,812526.22,501652.12
2014-09-02,717351.55,553408.93
2014-09-03,726683.86,604889.26
2014-09-04,551340.08,636807.50
2014-09-05,603043.24,665343.83
2014-09-06,870139.45,705881.80
2014-09-07,997964.08,754149.78
2014-09-08,648651.74,730739.14
2014-09-09,562420.57,708606.15
2014-09-10,612987.47,692363.80
2014-09-11,483462.95,682667.07
2014-09-12,564382.85,677144.16
2014-09-13,795802.24,666524.56
2014-09-14,896501.56,652029.91
2014-09-15,630710.57,649466.89
2014-09-16,608239.97,656012.52
2014-09-17,617472.34,656653.21
2014-09-18,479500.84,656087.20
2014-09-19,550213.09,654062.95
2014-09-20,808490.76,655875.59
2014-09-21,901420.45,656578.29
2014-09-22,589120.29,650636.82
2014-09-23,559954.30,643738.87
2014-09-24,598183.11,640983.27
2014-09-25,466867.38,639178.49
2014-09-26,515474.22,634215.79
2014-09-27,781202.37,630317.45
2014-09-28,886531.79,628190.50
2014-09-29,586682.82,627842.29
2014-09-30,599093.92,633433.66
2014-10-01,784500.25,660050.39
2014-10-02,634306.52,683970.27
2014-10-03,675639.30,706850.99
2014-10-04,931317.51,728296.02
2014-10-05,985466.96,742429.61
2014-10-06,641480.76,750257.89
2014-10-07,586410.27,748445.94
2014-10-08,620201.32,724974.66
2014-10-09,510519.92,707290.86
2014-10-10,702470.32,711123.87
2014-10-11,748309.15,684979.82
2014-10-12,843971.13,664766.13
2014-10-13,611726.93,660515.58
2014-10-14,550589.57,655398.34
2014-10-15,624797.47,656054.93
2014-10-16,538252.61,660016.74
2014-10-17,558538.14,639455.00
2014-10-18,820840.97,649816.69
2014-10-19,935410.60,662879.47
2014-10-20,624629.99,664722.76
2014-10-21,542207.17,663525.28
2014-10-22,584926.36,657829.40
2014-10-23,492233.23,651255.21
2014-10-24,528403.68,646950.28
2014-10-25,758926.23,638105.32
2014-10-26,892128.50,631922.16
2014-10-27,572806.63,624518.83
2014-10-28,512678.81,620300.49
2014-10-29,560819.68,616856.68
2014-10-30,459715.27,612211.26
2014-10-31,561876.07,616993.03
2014-11-01,873539.25,633366.32
2014-11-02,709851.49,607326.74
2014-11-03,973192.04,664524.66
2014-11-04,702751.95,691677.96
2014-11-05,718799.94,714246.57
2014-11-06,566118.38,729447.02
2014-11-07,585330.26,732797.62
2014-11-08,816064.64,724586.96
2014-11-09,941478.42,757676.52
2014-11-10,593376.79,703417.20
2014-11-11,552505.75,681953.46
2014-11-12,588093.48,663281.10
2014-11-13,468057.39,649272.39
2014-11-14,553007.97,644654.92
2014-11-15,786124.20,640377.72
2014-11-16,956619.40,642540.71
2014-11-17,620876.34,646469.22
2014-11-18,553367.20,646592.28
2014-11-19,580234.01,645469.50
2014-11-20,511855.76,651726.41
2014-11-21,567978.73,653865.09
2014-11-22,763720.15,650664.51
2014-11-23,907432.66,643637.84
2014-11-24,610847.96,642205.21
2014-11-25,541225.61,640470.70
2014-11-26,579125.31,640312.31
2014-11-27,475823.90,635164.90
2014-11-28,559619.83,633970.77
2014-11-29,850925.11,646428.62
2014-11-30,1023691.28,663037.00
2014-12-01,817413.56,692546.37
2014-12-02,735319.18,720274.02
2014-12-03,715127.61,739702.92
2014-12-04,578961.52,754436.87
2014-12-05,635445.15,765269.06
2014-12-06,829386.71,762192.15
2014-12-07,1013889.81,760791.93
2014-12-08,790283.29,756916.18
2014-12-09,665123.96,746888.29
2014-12-10,732121.03,749315.92
2014-12-11,580542.18,749541.73
2014-12-12,642760.39,750586.77
2014-12-13,854830.91,754221.65
2014-12-14,999106.13,752109.70
2014-12-15,790182.95,752095.36
2014-12-16,799067.06,771230.09
2014-12-17,779966.50,778065.16
2014-12-18,731938.48,799693.20
2014-12-19,757349.38,816063.06
2014-12-20,935555.52,827595.14
2014-12-21,1056605.20,835809.30
2014-12-22,1008143.35,866946.50
2014-12-23,1064977.97,904933.77
2014-12-24,965982.87,931507.54
2014-12-26,872098.46,951530.39
2014-12-27,740596.16,949137.08
2014-12-28,716329.64,917819.09
2014-12-29,773998.40,877446.69
2014-12-30,912970.53,863850.58
2014-12-31,844380.47,832336.65
2015-01-01,12773.62,696163.90
2015-01-02,657763.39,665544.60
2015-01-03,648880.69,652442.39
2015-01-04,730923.78,654527.27
2015-01-05,569267.30,625279.97
2015-01-06,477886.74,563125.14
2015-01-07,494160.85,513093.77
2015-01-08,417482.69,570909.35
2015-01-09,439381.23,539711.90
2015-01-10,569956.91,528437.07
2015-01-11,694860.95,523285.24
2015-01-12,442845.54,505224.99
2015-01-13,393799.99,493212.59
2015-01-14,400923.97,479893.04
2015-01-15,371146.15,473273.53
2015-01-16,423599.94,471019.06
2015-01-17,621865.43,478434.57
2015-01-18,678277.03,476065.44
2015-01-19,448217.90,476832.92
2015-01-20,405308.78,478477.03
2015-01-21,413202.59,480231.12
2015-01-22,364862.54,479333.46
2015-01-23,416937.18,478381.64
2015-01-24,588849.87,473665.13
2015-01-25,631623.95,467000.40
2015-01-26,410009.62,461542.08
2015-01-27,360009.85,455070.80
2015-01-28,376935.92,449889.85
2015-01-29,343062.16,446775.51
2015-01-30,435899.67,449484.43
2015-01-31,656205.84,459106.72
2015-02-01,815294.48,485345.36
2015-02-02,538301.89,503672.83
2015-02-03,475249.84,520135.69
2015-02-04,451923.15,530848.15
2015-02-05,407491.97,540052.40
2015-02-06,437147.55,540230.67
2015-02-07,599911.60,532188.64
2015-02-08,622994.23,504717.17
2015-02-09,458002.15,493245.78
2015-02-10,400825.99,482613.80
2015-02-11,400115.33,475212.69
2015-02-12,384963.14,471994.28
2015-02-13,493265.47,480011.13
2015-02-14,562855.07,474717.34
2015-02-15,434886.67,447844.83
2015-02-16,420740.90,442521.80
2015-02-17,483088.13,454273.53
2015-02-18,497499.06,468185.49
2015-02-19,436360.91,475528.03
2015-02-20,483681.02,474158.82
2015-02-21,572753.08,475572.82
2015-02-22,691339.07,512208.88
2015-02-23,443349.89,515438.74
2015-02-24,407890.28,504696.18
2015-02-25,395774.95,490164.17
2015-02-26,354938.23,478532.36
2015-02-27,436488.42,471790.56
2015-02-28,635263.40,480720.61
2015-03-01,820434.98,499162.88
2015-03-02,546037.79,513832.58
2015-03-03,492365.24,525900.43
2015-03-04,483330.55,538408.37
2015-03-05,428599.81,548931.46
2015-03-06,463723.97,552822.25
2015-03-07,657377.21,555981.36
2015-03-08,659563.41,532999.71
2015-03-09,480371.95,523618.88
2015-03-10,457881.76,518692.67
2015-03-11,425617.73,510447.98
2015-03-12,382588.67,503874.96
2015-03-13,434806.00,499743.82
2015-03-14,616609.76,493919.90
2015-03-15,662700.87,494368.11
2015-03-16,466598.43,492400.46
2015-03-17,415359.52,486325.85
2015-03-18,398630.00,482470.46
2015-03-19,373324.38,481146.99
2015-03-20,467687.95,485844.41
2015-03-21,624099.23,486914.34
2015-03-22,646466.40,484595.13
2015-03-23,462664.24,484033.10
2015-03-24,407369.72,482891.70
2015-03-25,408258.19,484267.16
2015-03-26,367006.96,483364.67
2015-03-27,436906.61,478967.34
2015-03-28,589854.70,474075.26
2015-03-29,641213.77,473324.88
2015-03-30,437878.84,469784.11
2015-03-31,443278.89,474913.99
2015-04-01,557223.16,496194.70
2015-04-02,524588.90,518706.41
2015-04-03,510296.79,529190.72
2015-04-04,653894.20,538339.22
2015-04-05,659669.58,540975.76
2015-04-06,519734.82,552669.48
2015-04-07,464788.22,555742.24
2015-04-08,461140.21,542016.10
2015-04-09,398718.32,524034.59
2015-04-10,445869.30,514830.66
2015-04-11,610603.02,508646.21
2015-04-12,659939.02,508684.70
2015-04-13,453724.76,499254.69
2015-04-14,403623.40,490516.86
2015-04-15,438106.29,487226.30
2015-04-16,418643.19,490072.71
2015-04-17,456303.24,491563.27
2015-04-18,629155.66,494213.65
2015-04-19,684544.95,497728.78
2015-04-20,481694.77,501724.50
2015-04-21,426018.31,504923.77
2015-04-22,421108.21,502495.48
2015-04-23,392147.04,498710.31
2015-04-24,437625.51,496042.07
2015-04-25,588781.51,490274.33
2015-04-26,625901.00,481896.62
2015-04-27,425049.15,473804.39
2015-04-28,374839.19,466493.09
2015-04-29,398724.33,463295.39
2015-04-30,432612.14,469076.12
2015-05-01,674509.40,502916.67
2015-05-02,711052.27,520383.93
2015-05-03,742887.79,537096.32
2015-05-04,556245.15,555838.61
2015-05-05,509493.23,575074.90
2015-05-06,504999.55,590257.08
2015-05-07,444082.31,591895.67
2015-05-08,481304.22,564294.93
2015-05-09,706705.44,563673.95
2015-05-10,558062.27,537270.31
2015-05-11,524864.05,532787.30
2015-05-12,452162.87,524597.25
2015-05-13,446915.64,516299.54
2015-05-14,395609.67,509374.88
2015-05-15,483535.54,509693.64
2015-05-16,709798.55,510135.51
2015-05-17,798186.13,544438.92
2015-05-18,496595.01,540400.49
2015-05-19,446375.49,539573.72
2015-05-20,466238.63,542334.15
2015-05-21,417006.14,545390.78
2015-05-22,458727.92,541846.84
2015-05-23,658882.92,534573.18
2015-05-24,738068.43,525984.93
2015-05-25,534802.79,531443.19
2015-05-26,463132.41,533837.03
2015-05-27,481804.96,536060.79
2015-05-28,428506.88,537703.76
2015-05-29,560519.53,552245.42
2015-05-30,855728.29,580366.18
2015-05-31,1023564.77,621151.38
2015-06-01,812081.20,660762.58
2015-06-02,753430.64,702233.75
2015-06-03,747929.45,740251.54
2015-06-04,608994.65,766035.50
2015-06-05,657675.13,779914.88
2015-06-06,904437.27,786873.30
2015-06-07,1070695.92,793606.32
2015-06-08,696952.81,777159.41
2015-06-09,623725.11,758630.05
2015-06-10,641435.37,743416.61
2015-06-11,510019.15,729277.25
2015-06-12,606616.00,721983.09
2015-06-13,840727.78,712881.73
2015-06-14,967745.72,698174.56
2015-06-15,666557.13,693832.32
2015-06-16,672637.82,700819.85
2015-06-17,677171.16,705924.97
2015-06-18,556155.04,712515.81
2015-06-19,659233.57,720032.60
2015-06-20,936951.65,733778.87
2015-06-21,790568.42,708467.83
2015-06-22,701208.23,713417.99
2015-06-23,640322.33,708801.49
2015-06-24,643411.71,703978.71
2015-06-25,518700.96,698628.12
2015-06-26,593299.46,689208.97
2015-06-27,831492.46,674143.37
2015-06-28,976563.59,700714.11
2015-06-29,639072.19,691837.53
2015-06-30,669548.43,696012.69
2015-07-01,885953.20,730661.47
2015-07-02,705642.28,757367.37
2015-07-03,772773.39,783006.51
2015-07-04,1018541.84,809727.85
2015-07-05,982427.68,810565.57
2015-07-06,754949.71,827119.51
2015-07-07,654821.05,825015.59
2015-07-08,732992.13,803164.01
2015-07-09,605032.50,788791.19
2015-07-10,643986.38,770393.04
2015-07-11,794984.70,738456.31
2015-07-12,898731.94,726499.77
2015-07-13,647967.08,711216.54
2015-07-14,601452.26,703592.43
2015-07-15,664505.10,693808.56
2015-07-16,584042.73,690810.03
2015-07-17,653452.17,692162.28
2015-07-18,826353.34,696643.52
2015-07-19,894707.30,696068.57
2015-07-20,685961.24,701496.31
2015-07-21,607836.50,702408.34
2015-07-22,631385.41,697676.96
2015-07-23,541511.42,691601.05
2015-07-24,635244.25,688999.92
2015-07-25,797427.52,684867.66
2015-07-26,875032.04,682056.91
2015-07-27,652999.19,677348.05
2015-07-28,594977.67,675511.07
2015-07-29,625449.98,674663.15
2015-07-30,543393.59,674932.03
2015-07-31,695083.45,683480.49
2015-08-01,1044894.79,718832.96
2015-08-02,1043495.48,742899.16
2015-08-03,811119.83,765487.83
2015-08-04,726613.36,784292.93
2015-08-05,724346.59,798421.01
2015-08-06,583375.21,804132.67
2015-08-07,663326.52,799595.97
2015-08-08,784099.22,762339.46
2015-08-09,679410.13,710327.27
2015-08-10,785477.93,706664.14
2015-08-11,668280.36,698330.85
2015-08-12,678064.73,691719.16
2015-08-13,557859.48,688074.05
2015-08-14,734484.21,698239.44
2015-08-15,936339.03,719987.98
2015-08-16,913846.63,753478.91
2015-08-17,694747.16,740517.37
2015-08-18,629475.64,734973.84
2015-08-19,653733.36,731497.93
2015-08-20,569443.70,733152.82
2015-08-21,653281.21,721552.39
2015-08-22,803270.16,702542.55
2015-08-23,865755.40,695672.38
2015-08-24,681575.99,693790.78
2015-08-25,624698.34,693108.31
2015-08-26,640075.99,691157.26
2015-08-27,548043.33,688100.06
2015-08-28,635737.23,685593.78
2015-08-29,876953.10,696119.91
2015-08-30,975697.60,711825.94
2015-08-31,776152.55,725336.88
2015-09-01,906549.99,765601.40
2015-09-02,879033.09,799738.13
2015-09-03,707093.04,822459.52
2015-09-04,736395.30,836839.24
2015-09-05,1052868.39,861970.00
2015-09-06,1147642.58,886533.57
2015-09-07,767382.78,885280.74
2015-09-08,677312.24,852532.49
2015-09-09,705633.50,827761.12
2015-09-10,577743.80,809282.66
2015-09-11,651330.17,797130.49
2015-09-12,921524.44,778367.07
2015-09-13,1023345.32,760610.32
2015-09-14,688405.19,749327.81
2015-09-15,682134.35,750016.68
2015-09-16,742089.67,755224.70
2015-09-17,593577.80,757486.71
2015-09-18,653805.87,757840.38
2015-09-19,935893.48,759893.10
2015-09-20,1037532.86,761919.89
2015-09-21,717725.38,766108.49
2015-09-22,641914.74,760362.83
2015-09-23,690419.72,752981.41
2015-09-24,557321.61,747801.95
2015-09-25,646083.88,746698.81
2015-09-26,890486.06,740212.03
2015-09-27,1018062.96,737430.62
2015-09-28,671261.06,730792.86
2015-09-29,609130.66,726109.42
2015-09-30,711182.54,729075.54
2015-10-01,796340.86,763221.15
2015-10-02,830719.39,789597.65
2015-10-03,1179376.18,830867.66
2015-10-04,1234130.94,861734.52
2015-10-05,809524.84,881486.49
2015-10-06,696169.28,893920.57
2015-10-07,720562.33,895260.54
2015-10-08,603066.03,867649.85
2015-10-09,873934.72,873823.47
2015-10-10,867556.97,829277.87
2015-10-11,973329.20,792020.48
2015-10-12,721634.57,779464.73
2015-10-13,585141.55,763603.63
2015-10-14,688198.11,758980.17
2015-10-15,577952.20,755392.48
2015-10-16,693829.35,729663.14
2015-10-17,958052.96,742591.13
2015-10-18,1071477.10,756612.26
2015-10-19,699259.49,753415.82
2015-10-20,660308.36,764153.94
2015-10-21,672847.35,761960.97
2015-10-22,547020.05,757542.09
2015-10-23,639040.61,749715.13
2015-10-24,859950.71,735700.52
2015-10-25,1018783.14,728172.81
2015-10-26,649914.35,721123.51
2015-10-27,587066.10,710660.33
2015-10-28,599388.12,700166.15
2015-10-29,511860.07,695143.30
2015-10-30,635875.89,694691.20
2015-10-31,915956.85,702692.08
2015-11-01,819250.39,674187.40
2015-11-02,762549.80,690278.17
2015-11-03,1033439.13,754045.75
2015-11-04,855494.44,790632.37
2015-11-05,649662.67,810318.45
2015-11-06,671145.79,815357.01
2015-11-07,929723.34,817323.65
2015-11-08,1077361.96,854196.73
2015-11-09,683644.90,842924.60
2015-11-10,623529.18,784366.04
2015-11-11,689746.21,760687.72
2015-11-12,506937.66,740298.44
2015-11-13,626674.03,733945.33
2015-11-14,867597.33,725070.18
2015-11-15,1056159.46,722041.25
2015-11-16,716508.71,726736.08
2015-11-17,618919.99,726077.63
2015-11-18,683954.19,725250.20
2015-11-19,560452.57,732895.18
2015-11-20,665619.67,738458.85
2015-11-21,863726.88,737905.92
2015-11-22,1015844.28,732146.61
2015-11-23,696685.46,729314.72
2015-11-24,612710.20,728427.61
2015-11-25,658917.83,724850.98
2015-11-26,530358.33,720551.81
2015-11-27,645087.04,717618.57
2015-11-28,850596.00,715742.74
2015-11-29,1070619.80,723567.81
2015-11-30,762036.12,732903.62
2015-12-01,857620.94,767890.87
2015-12-02,867269.58,797655.40
2015-12-03,676883.03,818587.50
2015-12-04,749354.13,833482.80
2015-12-05,966202.37,849998.00
2015-12-06,1143119.32,860355.07
2015-12-07,822334.71,868969.15
2015-12-08,712569.17,848247.47
2015-12-09,747893.78,831193.79
2015-12-10,657427.18,828414.38
2015-12-11,708392.81,822562.76
2015-12-12,915667.88,815343.55
2015-12-13,1059425.42,803387.28
2015-12-14,811613.72,801855.71
2015-12-15,779809.95,811461.54
2015-12-16,859930.25,827466.75
2015-12-17,809809.75,849235.68
2015-12-18,893569.90,875689.55
2015-12-19,1095523.52,901383.22
2015-12-20,1175416.96,917953.44
2015-12-21,1072887.48,955278.26
2015-12-22,1141861.91,1006999.97
2015-12-23,1196146.06,1055030.80
2015-12-24,1083680.32,1094155.16
2015-12-26,946725.19,1101748.78
2015-12-27,837714.13,1064918.86
2015-12-28,789684.91,1009814.28
2015-12-29,870762.03,980939.22
2015-12-30,1030043.74,964965.20
2015-12-31,964641.54,931893.12
2016-01-01,16433.39,779429.28
2016-01-02,1066677.42,796565.31
2016-01-03,1226735.72,852139.82
2016-01-04,955956.88,875892.96
2016-01-05,835320.44,870829.88
2016-01-06,821685.66,841064.44
2016-01-07,653504.37,796616.27
2016-01-08,713608.33,896212.69
2016-01-09,989209.46,885145.84
2016-01-10,1094693.84,866282.71
2016-01-11,705495.24,830502.48
2016-01-12,647058.46,803607.91
2016-01-13,660045.32,780516.43
2016-01-14,561972.62,767440.47
2016-01-15,671027.10,761357.43
2016-01-16,959827.15,757159.96
2016-01-17,1057997.34,751917.60
2016-01-18,709784.23,752530.32
2016-01-19,630929.75,750226.22
2016-01-20,738744.01,761468.89
2016-01-21,552820.77,760161.48
2016-01-22,648431.43,756933.53
2016-01-23,906754.83,749351.77
2016-01-24,980927.76,738341.83
2016-01-25,658090.69,730957.03
2016-01-26,609465.79,727890.75
2016-01-27,647254.68,714820.85
2016-01-28,533709.85,712090.72
2016-01-29,660492.76,713813.76
2016-01-30,969938.38,722839.98
2016-01-31,1093211.23,738880.48
2016-02-01,872063.31,769448.00
2016-02-02,765233.21,791700.49
2016-02-03,772360.94,809572.81
2016-02-04,650328.17,826232.57
2016-02-05,768586.51,841674.53
2016-02-06,941954.08,837676.78
2016-02-07,697791.63,781188.26
2016-02-08,636542.68,747542.46
2016-02-09,746939.64,744929.09
2016-02-10,790988.71,747590.20
2016-02-11,646376.37,747025.66
2016-02-12,698152.07,736963.60
2016-02-13,859023.03,725116.30
2016-02-14,940214.50,759748.14
2016-02-15,746671.29,775480.80
2016-02-16,719111.89,771505.41
2016-02-17,723794.72,761906.27
2016-02-18,570072.68,751005.74
2016-02-19,672510.13,747342.61
2016-02-20,883790.22,750880.78
2016-02-21,991384.27,758190.74
2016-02-22,698907.64,751367.36
2016-02-23,641329.06,740255.53
2016-02-24,675573.38,733366.77
2016-02-25,557959.33,731636.29
2016-02-26,641922.80,727266.67
2016-02-27,916704.07,731968.65
2016-02-28,994502.73,732414.14
2016-02-29,726619.76,736373.02
2016-03-01,897927.64,773029.96
2016-03-02,878452.36,802012.67
2016-03-03,671564.75,818242.02
2016-03-04,747546.80,833331.16
2016-03-05,1028620.68,849319.25
2016-03-06,1078958.51,861384.36
2016-03-07,738126.52,863028.18
2016-03-08,642291.35,826508.71
2016-03-09,694645.85,800250.64
2016-03-10,572491.86,786097.37
2016-03-11,664893.51,774289.75
2016-03-12,898101.11,755644.10
2016-03-13,954980.33,737932.93
2016-03-14,668066.39,727924.34
2016-03-15,668186.70,731623.68
2016-03-16,739805.38,738075.04
2016-03-17,580452.53,739212.28
2016-03-18,666756.82,739478.47
2016-03-19,895038.51,739040.95
2016-03-20,929605.58,735415.99
2016-03-21,690469.80,738616.48
2016-03-22,622695.84,732117.78
2016-03-23,714881.17,728557.18
2016-03-24,660489.85,739991.08
2016-03-25,633524.20,735243.56
2016-03-26,800133.52,721685.71
2016-03-27,833336.06,707932.92
2016-03-28,661057.87,703731.21
2016-03-29,621166.06,703512.68
2016-03-30,660138.99,695692.36
2016-03-31,617374.34,689533.01
2016-04-01,872467.32,723667.74
2016-04-02,1150824.58,773766.46
2016-04-03,1266908.29,835705.35
2016-04-04,795237.19,854873.82
2016-04-05,725750.10,869814.40
2016-04-06,744784.84,881906.67
2016-04-07,587939.72,877701.72
2016-04-08,689727.20,851595.99
2016-04-09,927981.39,819761.25
2016-04-10,1008876.74,782899.60
2016-04-11,665348.96,764344.14
2016-04-12,651657.03,753759.41
2016-04-13,672611.48,743448.93
2016-04-14,546785.21,737569.72
2016-04-15,667606.30,734409.59
2016-04-16,862121.49,725001.03
2016-04-17,1271833.74,762566.32
2016-04-18,1345920.60,859790.84
2016-04-19,1152089.21,931281.15
2016-04-20,1062426.29,986968.98
2016-04-21,1001079.78,1051868.20
2016-04-22,857059.24,1078932.91
2016-04-23,1022143.13,1101793.14
2016-04-24,1039369.93,1068584.03
2016-04-25,680000.75,973452.62
2016-04-26,704799.42,909554.08
2016-04-27,670288.10,853534.34
2016-04-28,543339.85,788142.92
2016-04-29,708711.43,766950.37
2016-04-30,1067335.77,773406.46
2016-05-01,1270121.21,806370.93
2016-05-02,973985.67,848368.78
2016-05-03,792205.55,860855.37
2016-05-04,798654.45,879193.42
2016-05-05,648701.60,894245.10
2016-05-06,761422.52,901775.25
2016-05-07,1071192.78,902326.25
2016-05-08,820824.64,838141.03
2016-05-09,771767.65,809252.74
2016-05-10,693010.49,795082.02
2016-05-11,727543.46,784923.31
2016-05-12,603394.21,778450.82
2016-05-13,666833.90,764938.16
2016-05-14,932869.52,745177.70
2016-05-15,1070331.67,780821.56
2016-05-16,748112.69,777442.28
2016-05-17,661930.84,773002.33
2016-05-18,671232.96,764957.97
2016-05-19,581470.56,761826.02
2016-05-20,706024.06,767424.61
2016-05-21,910757.16,764265.70
2016-05-22,1030671.62,758599.98
2016-05-23,695004.68,751013.13
2016-05-24,606377.21,743076.89
2016-05-25,637512.04,738259.62
2016-05-26,571968.62,736902.20
2016-05-27,852689.22,757854.36
2016-05-28,816187.22,744344.37
2016-05-29,959853.66,734227.52
2016-05-30,752452.42,742434.34
2016-05-31,974327.99,794998.74
2016-06-01,811525.32,819857.78
2016-06-02,694535.94,837367.39
2016-06-03,742363.09,821606.52
2016-06-04,1011996.62,849579.29
2016-06-05,1123734.44,872990.83
2016-06-06,729894.22,869768.23
2016-06-07,658714.65,824680.61
2016-06-08,696747.55,808283.79
2016-06-09,547139.61,787227.17
2016-06-10,637354.32,772225.92
2016-06-11,845838.21,748489.00
2016-06-12,947479.77,723309.76
2016-06-13,685382.19,716950.90
2016-06-14,622267.77,711744.20
2016-06-15,708327.64,713398.50
2016-06-16,620526.24,723882.31
2016-06-17,737897.44,738245.61
2016-06-18,972971.11,756407.45
2016-06-19,837363.02,740676.49
2016-06-20,735754.36,747872.51
2016-06-21,679248.02,756012.55
2016-06-22,677730.65,751641.55
2016-06-23,559653.34,742945.42
2016-06-24,641812.68,729219.03
2016-06-25,860296.84,713122.70
2016-06-26,954344.67,729834.36
2016-06-27,684735.61,722545.97
2016-06-28,596948.94,710788.96
2016-06-29,632489.48,704325.93
2016-06-30,554144.87,703539.01
2016-07-01,857027.55,734283.99
2016-07-02,1078485.14,765453.75
2016-07-03,1126713.71,790077.90
2016-07-04,850891.60,813814.47
2016-07-05,728011.56,832537.70
2016-07-06,752110.94,849626.48
2016-07-07,591702.78,854991.90
2016-07-08,688563.40,830925.59
2016-07-09,868259.97,800893.42
2016-07-10,932486.30,773146.65
2016-07-11,688436.15,749938.73
2016-07-12,627039.78,735514.19
2016-07-13,642494.40,719854.68
2016-07-14,535124.33,711772.05
2016-07-15,675032.43,709839.05
2016-07-16,887192.89,712543.75
2016-07-17,932586.70,712558.10
2016-07-18,702619.75,714584.32
2016-07-19,633176.29,715460.97
2016-07-20,686848.85,721797.32
2016-07-21,578823.69,728040.08
2016-07-22,646633.66,723983.12
2016-07-23,822292.47,714711.63
2016-07-24,847867.68,702608.91
2016-07-25,697383.60,701860.89
2016-07-26,622771.92,700374.55
2016-07-27,651121.99,695270.72
2016-07-28,533256.25,688761.08
2016-07-29,669585.84,692039.96
2016-07-30,910213.87,704600.16
2016-07-31,997916.96,726035.78
2016-08-01,895580.41,754349.60
2016-08-02,777592.84,776466.88
2016-08-03,779844.81,794855.85
2016-08-04,622883.10,807659.69
2016-08-05,704092.74,812589.25
2016-08-06,858903.21,805259.15
2016-08-07,904321.44,791888.36
2016-08-08,715195.54,766119.10
2016-08-09,635538.98,745825.69
2016-08-10,658457.44,728484.63
2016-08-11,596729.28,724748.37
2016-08-12,745662.51,730686.91
2016-08-13,714905.92,710115.87
2016-08-14,761826.13,689759.40
2016-08-15,720032.30,690450.36
2016-08-16,718671.65,702326.46
2016-08-17,725945.70,711967.64
2016-08-18,577350.52,709199.25
2016-08-19,678767.12,699642.76
2016-08-20,828986.34,715939.97
2016-08-21,901870.15,735946.25
2016-08-22,714866.23,735208.24
2016-08-23,660819.98,726943.72
2016-08-24,674613.05,719610.48
2016-08-25,554421.53,716334.91
2016-08-26,646698.27,711753.65
2016-08-27,791047.53,706333.82
2016-08-28,858802.42,700181.29
2016-08-29,671845.74,694035.50
2016-08-30,624711.34,688877.13
2016-08-31,731430.12,696993.85
2016-09-01,718105.57,720377.28
2016-09-02,837129.59,747581.76
2016-09-03,1057581.21,785658.00
2016-09-04,1109985.86,821541.35
2016-09-05,813763.30,841815.28
2016-09-06,751583.03,859939.81
2016-09-07,738543.92,860956.07
2016-09-08,595849.30,843490.88
2016-09-09,658969.03,818039.38
2016-09-10,915938.56,797804.71
2016-09-11,1017369.22,784573.76
2016-09-12,678776.46,765289.93
2016-09-13,603427.95,744124.92
2016-09-14,624262.07,727798.94
2016-09-15,568324.81,723866.87
2016-09-16,691912.60,728573.10
2016-09-17,899219.30,726184.63
2016-09-18,1018662.66,726369.41
2016-09-19,681159.34,726709.82
2016-09-20,650980.32,733503.02
2016-09-21,666928.40,739598.20
2016-09-22,533276.33,734591.28
2016-09-23,663685.98,730558.91
2016-09-24,861830.39,725217.63
2016-09-25,952352.55,715744.76
2016-09-26,664217.44,713324.49
2016-09-27,587908.33,704314.20
2016-09-28,631761.18,699290.31
2016-09-29,520744.92,697500.11
2016-09-30,703198.49,703144.76
2016-10-01,1175033.66,747888.08
2016-10-02,1256480.17,791334.88
2016-10-03,833060.56,815455.33
2016-10-04,724113.10,834913.15
2016-10-05,749712.30,851763.31
2016-10-06,581429.34,860432.52
2016-10-07,797612.24,873920.19
2016-10-08,932551.71,839279.92
2016-10-09,1088251.48,815247.25
2016-10-10,725312.85,799854.72
2016-10-11,625271.99,785734.56
2016-10-12,665126.08,773650.81
2016-10-13,558859.89,770426.61
2016-10-14,667954.21,751904.03
2016-10-15,890613.59,745912.87
2016-10-16,1104504.69,748234.76
2016-10-17,710456.42,746112.41
2016-10-18,630638.59,746879.07
2016-10-19,647823.47,744407.27
2016-10-20,583001.28,747856.04
2016-10-21,669453.54,748070.23
2016-10-22,843626.42,741357.77
2016-10-23,1022953.69,729707.63
2016-10-24,668507.65,723714.95
2016-10-25,610590.90,720850.99
2016-10-26,633413.89,718792.48
2016-10-27,544361.48,713272.51
2016-10-28,638838.25,708898.90
2016-10-29,841074.70,708534.36
2016-10-30,954838.19,698803.58
2016-10-31,654923.50,696862.99
2016-11-01,811832.45,725611.78
2016-11-02,969033.62,773557.46
2016-11-03,793811.68,809193.20
2016-11-04,858468.22,840568.91
2016-11-05,887751.30,847236.99
2016-11-06,1140367.10,873741.12
2016-11-07,849451.04,901530.77
2016-11-08,767439.63,895188.94
2016-11-09,790276.84,869652.26
2016-11-10,588241.76,840285.13
2016-11-11,713396.45,819560.59
2016-11-12,929802.77,825567.94
2016-11-13,1188982.23,832512.96
2016-11-14,735723.17,816266.12
2016-11-15,691801.63,805460.69
2016-11-16,830431.74,811197.11
2016-11-17,615228.26,815052.32
2016-11-18,738265.55,818605.05
2016-11-19,935656.00,819441.23
2016-11-20,1125178.99,810326.48
2016-11-21,773762.28,815760.64
2016-11-22,690281.25,815543.44
2016-11-23,753685.04,804579.62
2016-11-24,595457.31,801755.20
2016-11-25,737819.48,801691.48
2016-11-26,908066.82,797750.17
2016-11-27,1056721.59,787970.54
2016-11-28,752583.77,784945.04
2016-11-29,645760.51,778584.93
2016-11-30,767361.70,780538.74
2016-12-01,843603.32,815988.17
2016-12-02,853454.93,832507.52
2016-12-03,1113440.57,861846.63
2016-12-04,1276195.04,893199.98
2016-12-05,896824.94,913805.86
2016-12-06,932546.39,954775.27
2016-12-07,867653.74,969102.70
2016-12-08,674077.38,944884.71
2016-12-09,774941.92,933668.57
2016-12-10,920050.75,906041.45
2016-12-11,1119324.24,883631.34
2016-12-12,844251.70,876120.87
2016-12-13,747161.62,849637.34
2016-12-14,829763.22,844224.41
2016-12-15,747641.18,854733.52
2016-12-16,918899.79,875298.93
2016-12-17,1071655.63,896956.77
2016-12-18,1260471.91,917120.72
2016-12-19,1028242.82,943405.17
2016-12-20,1080402.39,991010.99
2016-12-21,1181307.33,1041231.58
2016-12-22,1135849.39,1096689.89
2016-12-23,1282145.52,1148582.14
2016-12-24,1246837.84,1173608.17
2016-12-26,1032770.75,1141079.43
2016-12-27,842475.49,1114541.24
2016-12-28,951533.71,1096131.43
2016-12-29,894108.24,1055102.99
2016-12-30,1163643.04,1059073.51
2016-12-31,1109012.81,1034340.27
2017-01-01,12082.50,857946.65
2017-01-02,1402306.37,910737.45
2017-01-03,1104377.08,948151.96
2017-01-04,990093.46,953660.50
2017-01-05,777620.95,937019.46
2017-01-06,839600.24,890727.63
2017-01-07,1103806.30,889983.84
2017-01-08,1192543.75,1058621.17
2017-01-09,793724.90,971680.95
2017-01-10,742635.57,920003.60
2017-01-11,770742.69,888667.77
2017-01-12,629635.79,867527.03
2017-01-13,768898.94,857426.85
2017-01-14,1021050.54,845604.60
2017-01-15,1175725.17,843201.94
2017-01-16,824488.67,847596.77
2017-01-17,750836.54,848768.33
2017-01-18,782656.02,850470.24
2017-01-19,606949.74,847229.38
2017-01-20,725703.69,841058.62
2017-01-21,1072721.73,848440.22
2017-01-22,1148214.36,844510.11
2017-01-23,798133.61,840745.10
2017-01-24,721275.77,836522.13
2017-01-25,744342.59,831048.79
2017-01-26,576515.54,826701.04
2017-01-27,722113.96,826188.22
2017-01-28,977850.41,812635.18
2017-01-29,1075166.99,802199.84
2017-01-30,698123.77,787912.72
2017-01-31,778222.29,796047.93
2017-02-01,961777.38,827110.05
2017-02-02,748882.73,851733.93
2017-02-03,834667.15,867812.96
2017-02-04,1132788.54,889946.98
2017-02-05,1151987.63,900921.36
2017-02-06,786672.39,913571.16
2017-02-07,739431.21,908029.58
2017-02-08,783605.38,882576.43
2017-02-09,624387.49,864791.40
2017-02-10,752207.24,853011.41
2017-02-11,944924.65,826173.71
2017-02-12,1074820.90,815149.90
2017-02-13,794314.43,816241.61
2017-02-14,642613.19,802410.47
2017-02-15,745780.36,797006.89
2017-02-16,645968.26,800089.86
2017-02-17,758855.71,801039.64
2017-02-18,1063394.84,817963.96
2017-02-19,858897.12,787117.70
2017-02-20,759120.06,782089.93
2017-02-21,717807.68,792832.00
2017-02-22,739388.03,791918.82
2017-02-23,675578.50,796148.85
2017-02-24,816197.50,804340.53
2017-02-25,1026011.22,799000.02
2017-02-26,775708.99,787116.00
2017-02-27,744956.95,785092.70
2017-02-28,949366.83,818172.57
2017-03-01,1008521.71,856620.24
2017-03-02,836225.18,879569.77
2017-03-03,882639.78,889061.52
2017-03-04,1125736.35,903307.97
2017-03-05,1196983.69,963490.07
2017-03-06,790143.24,969945.25
2017-03-07,761866.73,943159.52
2017-03-08,781046.66,910663.09
2017-03-09,653901.19,884616.81
2017-03-10,773855.31,869076.17
2017-03-11,1001174.43,851281.61
2017-03-12,1146006.83,843999.20
2017-03-13,754390.38,838891.65
2017-03-14,700998.03,830196.12
2017-03-15,815621.89,835135.44
2017-03-16,699108.17,841593.58
2017-03-17,812306.77,847086.64
2017-03-18,1038906.57,852476.95
2017-03-19,1157140.64,854067.49
2017-03-20,826428.91,864358.71
2017-03-21,746620.93,870876.27
2017-03-22,767880.81,864056.11
2017-03-23,670848.01,860018.95
2017-03-24,787914.13,856534.28
2017-03-25,1038139.32,856424.68
2017-03-26,1101557.48,848484.22
2017-03-27,784103.27,842437.70
2017-03-28,702943.95,836198.14
2017-03-29,824632.99,844305.59
2017-03-30,637624.34,839559.35
2017-03-31,878750.04,852535.91
2017-04-01,1463083.96,913242.29
2017-04-02,1138650.06,918541.23
2017-04-03,835191.62,925839.57
2017-04-04,835602.64,944790.81
2017-04-05,846631.31,947933.42
2017-04-06,683059.57,954424.17
2017-04-07,765502.21,938245.91
2017-04-08,988591.47,870461.27
2017-04-09,1101713.66,865184.64
2017-04-10,739392.13,851499.00
2017-04-11,741331.43,838031.68
2017-04-12,791762.31,830193.25
2017-04-13,737029.57,837903.25
2017-04-14,740889.49,834387.15
2017-04-15,898610.22,821532.69
2017-04-16,985493.80,804929.85
2017-04-17,775916.91,810147.67
2017-04-18,717196.32,806699.80
2017-04-19,735733.21,798695.64
2017-04-20,675804.02,789949.14
2017-04-21,795795.89,797792.91
2017-04-22,974952.82,808698.99
2017-04-23,1140070.27,830781.35
2017-04-24,755072.53,827803.58
2017-04-25,718996.08,828060.69
2017-04-26,781159.28,834550.13
2017-04-27,624910.03,827279.56
2017-04-28,797636.63,827542.52
2017-04-29,1068279.82,840874.95
2017-04-30,1041249.25,826757.66
2017-05-01,1306699.37,905561.49
2017-05-02,907324.09,932465.49
2017-05-03,924247.26,952906.63
2017-05-04,716654.61,966013.00
2017-05-05,780798.41,963607.54
2017-05-06,1039417.86,959484.41
2017-05-07,1227380.61,986074.60
2017-05-08,776307.50,910304.33
2017-05-09,715811.20,882945.35
2017-05-10,766101.91,860353.16
2017-05-11,648650.41,850638.27
2017-05-12,764812.42,848354.56
2017-05-13,1116976.89,859434.42
2017-05-14,884199.91,810408.60
2017-05-15,823035.57,817084.04
2017-05-16,807803.90,830225.86
2017-05-17,841407.61,840983.82
2017-05-18,628487.99,838103.47
2017-05-19,773775.44,839383.90
2017-05-20,1035667.38,827768.26
2017-05-21,1201938.89,873159.54
2017-05-22,778935.16,866859.48
2017-05-23,723151.77,854766.32
2017-05-24,746303.63,841180.04
2017-05-25,620108.24,839982.93
2017-05-26,984511.15,870088.03
2017-05-27,932219.89,855309.82
2017-05-28,1061771.64,835285.93
2017-05-29,776813.14,834982.78
2017-05-30,742471.28,837742.71
2017-05-31,858062.15,853708.21
2017-06-01,766859.17,874672.63
2017-06-02,918421.32,865231.23
2017-06-03,1176138.11,900076.69
2017-06-04,1376511.52,945039.53
2017-06-05,912693.85,964451.06
2017-06-06,805546.65,973461.82
2017-06-07,842979.84,971307.21
2017-06-08,667099.80,957055.87
2017-06-09,795116.14,939440.84
2017-06-10,993732.68,913382.93
2017-06-11,1213673.95,890120.41
2017-06-12,768349.76,869499.83
2017-06-13,729412.96,858623.59
2017-06-14,785885.91,850467.31
2017-06-15,660338.35,849501.39
2017-06-16,834786.43,855168.58
2017-06-17,1096133.55,869797.27
2017-06-18,965144.12,834293.01
2017-06-19,791146.39,837549.67
2017-06-20,787326.72,845823.07
2017-06-21,766159.01,843004.94
2017-06-22,609868.83,835795.01
2017-06-23,761049.75,825261.20
2017-06-24,963268.23,806280.44
2017-06-25,1092610.86,824489.97
2017-06-26,755367.85,819378.75
2017-06-27,682218.47,804363.28
2017-06-28,731896.99,799468.71
2017-06-29,630811.80,802460.56
2017-06-30,802273.14,808349.62
2017-07-01,1207529.92,843244.15
2017-07-02,1296379.22,872353.91
2017-07-03,925143.41,896607.56
2017-07-04,832359.29,918056.25
2017-07-05,844301.61,934114.06
2017-07-06,700272.01,944036.94
2017-07-07,805792.30,944539.68
2017-07-08,998347.19,914656.43
2017-07-09,1100833.32,886721.31
2017-07-10,804158.86,869437.80
2017-07-11,730534.77,854891.44
2017-07-12,748800.00,841248.35
2017-07-13,629651.36,831159.69
2017-07-14,765489.62,825402.16
2017-07-15,969077.13,821220.72
2017-07-16,1100803.70,821216.49
2017-07-17,818325.52,823240.30
2017-07-18,730133.71,823183.00
2017-07-19,767978.78,825922.83
2017-07-20,688288.07,834299.50
2017-07-21,782418.30,836717.89
2017-07-22,932902.05,831550.02
2017-07-23,1024288.74,820619.31
2017-07-24,816564.33,820367.71
2017-07-25,713581.63,818003.13
2017-07-26,740653.04,814099.45
2017-07-27,659849.83,810036.85
2017-07-28,835099.68,817562.76
2017-07-29,1032310.87,831764.02
2017-07-30,1123752.48,845973.12
2017-07-31,885856.84,855872.05
2017-08-01,988527.76,895150.07
2017-08-02,964712.02,927158.50
2017-08-03,728068.49,936904.02
2017-08-04,827775.69,935857.73
2017-08-05,965693.65,926340.99
2017-08-06,1049559.16,915741.94
2017-08-07,797464.96,903114.53
2017-08-08,717766.35,864434.33
2017-08-09,734139.67,831495.42
2017-08-10,651386.91,820540.91
2017-08-11,826373.72,820340.63
2017-08-12,792630.54,795617.33
2017-08-13,865639.68,769343.12
2017-08-14,760922.41,764122.75
2017-08-15,762661.94,770536.41
